{"cameraMode":{"drawMode":0,"name":"Shaded","section":"Shading Mode"},"sceneLighting":true,"audioPlay":false,"sceneViewState":{"m_AlwaysRefresh":true,"showFog":true,"showSkybox":true,"showFlares":true,"showImageEffects":true,"showParticleSystems":true,"showVisualEffectGraphs":true,"m_FxEnabled":false},"in2DMode":false,"pivot":{"x":4.7758708000183109,"y":-1.5629215240478516,"z":2.004180908203125},"rotation":{"x":-0.23324480652809144,"y":-0.12156922370195389,"z":0.029407676309347154,"w":-0.9643516540527344},"size":7.944551467895508,"orthographic":false}