{"cameraMode":{"drawMode":0,"name":"Shaded","section":"Shading Mode"},"sceneLighting":true,"audioPlay":false,"sceneViewState":{"m_AlwaysRefresh":true,"showFog":true,"showSkybox":true,"showFlares":true,"showImageEffects":true,"showParticleSystems":true,"showVisualEffectGraphs":true,"m_FxEnabled":false},"in2DMode":false,"pivot":{"x":2.1608357429504396,"y":2.4567136764526369,"z":-2.7780914306640627},"rotation":{"x":-0.06470216810703278,"y":0.0439910925924778,"z":-0.002854936057701707,"w":-0.9969367384910584},"size":4.2995991706848148,"orthographic":false}